request_id,amount_safe_to_pay,affordability_status,recommended_payment_method,payment_plan,earliest_date_for_full_payment,spending_changes_needed,decision_explanation
request_26,15656000.0,affordable_now,full_payment,2025-08-03:15656000.00,2025-08-03,none,Current balance: 100845250.00 IDR. Required minimum: 24768300.00 IDR. Safe amount today: 15656000.00 IDR. Recommended method: full_payment. Full payment is first forecast safe on 2025-08-03.
request_27,6670.0,affordable_now,full_payment,2026-07-05:6670.00,2026-07-05,none,Current balance: 93141.80 ZAR. Required minimum: 20500.00 ZAR. Safe amount today: 6670.00 ZAR. Recommended method: full_payment. Full payment is first forecast safe on 2026-07-05.
request_28,689.4,not_affordable,not_recommended,none,,none,Current balance is 1789.40 EUR; minimum balance to keep is 1100.00 EUR. Maximum safe amount today is 689.40 EUR.
request_29,51524.0,affordable_now,full_payment,2025-11-04:51524.00,2025-11-04,none,Current balance: 113540.10 ZAR. Required minimum: 28300.00 ZAR. Safe amount today: 51524.00 ZAR. Recommended method: full_payment. Full payment is first forecast safe on 2025-11-04.
request_30,775.2,affordable_with_plan,installments,2026-04-06:268.74|2026-05-06:268.74|2026-06-05:268.74,2026-04-06,none,Current balance: 3752.72 USD. Required minimum: 900.00 USD. Safe amount today: 775.20 USD. Recommended method: installments. Full payment is first forecast safe on 2026-04-06.
request_31,13840360.0,affordable_later,wait,2024-09-14:18164000.00,2024-09-14,none,Current balance: 30429260.00 IDR. Required minimum: 16588900.00 IDR. Safe amount today: 13840360.00 IDR. Recommended method: wait. Full payment is first forecast safe on 2024-09-14.
request_32,0.0,not_affordable,not_recommended,none,,none,Current balance is 69005.80 ZAR; minimum balance to keep is 35700.00 ZAR. Maximum safe amount today is 0.00 ZAR.
request_33,65180.0,affordable_later,wait,2026-03-15:118000.00,2026-03-15,none,Current balance: 167280.00 INR. Required minimum: 102100.00 INR. Safe amount today: 65180.00 INR. Recommended method: wait. Full payment is first forecast safe on 2026-03-15.
request_34,129400.0,affordable_now,full_payment,2024-12-04:129400.00,2024-12-04,none,Current balance: 559752.50 INR. Required minimum: 138500.00 INR. Safe amount today: 129400.00 INR. Recommended method: full_payment. Full payment is first forecast safe on 2024-12-04.
request_35,125130.0,not_affordable,not_recommended,none,,none,Current balance is 231530.00 INR; minimum balance to keep is 106400.00 INR. Maximum safe amount today is 125130.00 INR.
request_36,1446.6,not_affordable,not_recommended,none,,none,Current balance is 3846.60 USD; minimum balance to keep is 2400.00 USD. Maximum safe amount today is 1446.60 USD.
request_37,12068800.0,not_affordable,not_recommended,none,,none,Current balance is 29125000.00 IDR; minimum balance to keep is 17056200.00 IDR. Maximum safe amount today is 12068800.00 IDR.
request_38,379.4,affordable_later,wait,2025-10-13:971.30,2025-10-13,none,Current balance: 779.40 EUR. Required minimum: 400.00 EUR. Safe amount today: 379.40 EUR. Recommended method: wait. Full payment is first forecast safe on 2025-10-13.
request_39,0.0,not_affordable,not_recommended,none,,none,Processing error: Invalid comparison between dtype=str and Timestamp
request_40,0.0,not_affordable,not_recommended,none,,none,Current balance is 2394.00 EUR; minimum balance to keep is 1500.00 EUR. Maximum safe amount today is 0.00 EUR.
request_41,0.0,not_affordable,not_recommended,none,,none,Processing error: Invalid comparison between dtype=str and Timestamp
request_42,0.0,not_affordable,not_recommended,none,,none,Current balance is 261765.00 INR; minimum balance to keep is 113100.00 INR. Maximum safe amount today is 0.00 INR.
request_43,15242750.0,affordable_later,wait,2024-11-13:43339000.00,2024-11-13,none,Current balance: 36640750.00 IDR. Required minimum: 21398000.00 IDR. Safe amount today: 15242750.00 IDR. Recommended method: wait. Full payment is first forecast safe on 2024-11-13.
request_44,0.0,not_affordable,not_recommended,none,,none,Current balance is 162290.00 INR; minimum balance to keep is 82900.00 INR. Maximum safe amount today is 0.00 INR.
request_45,8833100.0,not_affordable,not_recommended,none,,none,Current balance is 19982900.00 IDR; minimum balance to keep is 11149800.00 IDR. Maximum safe amount today is 8833100.00 IDR.
request_46,49450.0,affordable_with_plan,installments,2024-12-03:25714.00|2024-12-31:25714.00,2024-12-15,none,Current balance: 202335.00 INR. Required minimum: 84000.00 INR. Safe amount today: 49450.00 INR. Recommended method: installments. Full payment is first forecast safe on 2024-12-15.
request_47,38114000.0,affordable_now,full_payment,2025-05-05:38114000.00,2025-05-05,none,Current balance: 112924150.00 IDR. Required minimum: 30049000.00 IDR. Safe amount today: 38114000.00 IDR. Recommended method: full_payment. Full payment is first forecast safe on 2025-05-05.
request_48,0.0,not_affordable,not_recommended,none,,none,Processing error: Invalid comparison between dtype=str and Timestamp
request_49,20228793.34,affordable_with_plan,installments,2024-03-18:11902106.67|2024-04-18:11902106.67|2024-05-19:11902106.67,2024-05-18,none,Current balance: 40504493.34 IDR. Required minimum: 20275700.00 IDR. Safe amount today: 20228793.34 IDR. Recommended method: installments. Full payment is first forecast safe on 2024-05-18.
request_50,0.0,not_affordable,not_recommended,none,,none,Current balance is 247325.50 INR; minimum balance to keep is 99700.00 INR. Maximum safe amount today is 0.00 INR.
request_51,2191000.0,affordable_now,full_payment,2026-01-03:2191000.00,2026-01-03,none,Current balance: 35347700.00 IDR. Required minimum: 7811000.00 IDR. Safe amount today: 2191000.00 IDR. Recommended method: full_payment. Full payment is first forecast safe on 2026-01-03.
request_52,28870.0,affordable_later,wait,2024-06-14:28870.00,2024-06-14,none,Current balance: 75320.00 INR. Required minimum: 41500.00 INR. Safe amount today: 28870.00 INR. Recommended method: wait. Full payment is first forecast safe on 2024-06-14.
request_53,1423.42,affordable_with_plan,installments,2025-11-21:589.06|2025-12-19:589.06|2026-01-16:589.06,2026-01-13,none,Current balance: 3523.42 USD. Required minimum: 2100.00 USD. Safe amount today: 1423.42 USD. Recommended method: installments. Full payment is first forecast safe on 2026-01-13.
request_54,16581.4,not_affordable,not_recommended,none,,none,Current balance is 53581.40 ZAR; minimum balance to keep is 37000.00 ZAR. Maximum safe amount today is 16581.40 ZAR.
request_55,190041.19,affordable_later,not_recommended,none,2026-08-13,none,Current balance is 314341.19 INR; minimum balance to keep is 124300.00 INR. Maximum safe amount today is 190041.19 INR.
request_56,881.56,affordable_with_plan,installments,2025-02-03:458.42|2025-03-03:458.42,2025-02-14,none,Current balance: 3432.36 USD. Required minimum: 2100.00 USD. Safe amount today: 881.56 USD. Recommended method: installments. Full payment is first forecast safe on 2025-02-14.
request_57,21214.6,affordable_later,wait,2026-06-13:61446.00,2026-06-13,none,Current balance: 63914.60 ZAR. Required minimum: 42700.00 ZAR. Safe amount today: 21214.60 ZAR. Recommended method: wait. Full payment is first forecast safe on 2026-06-13.
request_58,0.0,not_affordable,not_recommended,none,,none,Current balance is 42146065.00 IDR; minimum balance to keep is 14433900.00 IDR. Maximum safe amount today is 0.00 IDR.
request_59,140600.0,affordable_with_plan,installments,2025-05-07:48741.33|2025-06-04:48741.33|2025-07-02:48741.33,2025-05-04,none,Current balance: 723245.99 INR. Required minimum: 132600.00 INR. Safe amount today: 140600.00 INR. Recommended method: installments. Full payment is first forecast safe on 2025-05-04.
request_60,199.89,affordable_later,wait,2026-01-14:199.89,2026-01-14,none,Current balance: 683.69 USD. Required minimum: 400.00 USD. Safe amount today: 199.89 USD. Recommended method: wait. Full payment is first forecast safe on 2026-01-14.
request_61,29062.0,affordable_with_plan,installments,2024-03-17:10074.83|2024-04-17:10074.83|2024-05-18:10074.83,2024-03-03,none,Current balance: 147470.23 ZAR. Required minimum: 36700.00 ZAR. Safe amount today: 29062.00 ZAR. Recommended method: installments. Full payment is first forecast safe on 2024-03-03.
request_62,404.23,affordable_now,full_payment,2025-08-05:404.23,2025-08-05,none,Current balance: 5151.44 USD. Required minimum: 1300.00 USD. Safe amount today: 404.23 USD. Recommended method: full_payment. Full payment is first forecast safe on 2025-08-05.
request_63,0.0,not_affordable,not_recommended,none,,none,Processing error: Invalid comparison between dtype=str and Timestamp
request_64,0.0,not_affordable,not_recommended,none,,none,Processing error: Invalid comparison between dtype=str and Timestamp
request_65,13024.0,not_affordable,not_recommended,none,,none,Current balance is 28524.00 ZAR; minimum balance to keep is 15500.00 ZAR. Maximum safe amount today is 13024.00 ZAR.
request_66,22200.0,affordable_now,full_payment,2026-04-03:22200.00,2026-04-03,none,Current balance: 302520.00 INR. Required minimum: 80700.00 INR. Safe amount today: 22200.00 INR. Recommended method: full_payment. Full payment is first forecast safe on 2026-04-03.
request_67,792.54,affordable_later,wait,2024-09-14:2094.00,2024-09-14,none,Current balance: 1992.54 USD. Required minimum: 1200.00 USD. Safe amount today: 792.54 USD. Recommended method: wait. Full payment is first forecast safe on 2024-09-14.
request_68,2091.6,affordable_with_plan,installments,2025-02-14:725.09|2025-03-14:725.09|2025-04-11:725.09,2025-03-24,none,Current balance: 3657.83 USD. Required minimum: 1500.00 USD. Safe amount today: 2091.60 USD. Recommended method: installments. Full payment is first forecast safe on 2025-03-24.
request_69,529.1,affordable_now,full_payment,2026-01-04:529.10,2026-01-04,none,Current balance: 1639.50 EUR. Required minimum: 700.00 EUR. Safe amount today: 529.10 EUR. Recommended method: full_payment. Full payment is first forecast safe on 2026-01-04.
request_70,93360.0,not_affordable,not_recommended,none,,none,Current balance is 208360.00 INR; minimum balance to keep is 115000.00 INR. Maximum safe amount today is 93360.00 INR.
request_71,0.0,not_affordable,not_recommended,none,,none,Processing error: Invalid comparison between dtype=str and Timestamp
request_72,0.0,not_affordable,not_recommended,none,,none,Current balance is 30337.13 ZAR; minimum balance to keep is 12200.00 ZAR. Maximum safe amount today is 0.00 ZAR.
request_73,71400.0,affordable_now,full_payment,2023-01-20:71400.00,2023-01-20,none,Current balance: 278542.50 INR. Required minimum: 103200.00 INR. Safe amount today: 71400.00 INR. Recommended method: full_payment. Full payment is first forecast safe on 2023-01-20.
request_74,5010.0,affordable_now,full_payment,2025-08-04:5010.00,2025-08-04,none,Current balance: 70056.90 ZAR. Required minimum: 21900.00 ZAR. Safe amount today: 5010.00 ZAR. Recommended method: full_payment. Full payment is first forecast safe on 2025-08-04.
request_75,28270.0,affordable_with_plan,installments,2026-04-09:9800.27|2026-05-09:9800.27|2026-06-08:9800.27,2026-04-06,none,Current balance: 145867.87 ZAR. Required minimum: 39000.00 ZAR. Safe amount today: 28270.00 ZAR. Recommended method: installments. Full payment is first forecast safe on 2026-04-06.
request_76,0.0,not_affordable,not_recommended,none,,none,Current balance is 3338.80 USD; minimum balance to keep is 1800.00 USD. Maximum safe amount today is 0.00 USD.
request_77,60700.0,affordable_later,wait,2025-11-14:60700.00,2025-11-14,none,Current balance: 189860.50 INR. Required minimum: 82200.00 INR. Safe amount today: 60700.00 INR. Recommended method: wait. Full payment is first forecast safe on 2025-11-14.
request_78,50200.0,not_affordable,not_recommended,none,,none,Current balance is 156676.00 INR; minimum balance to keep is 55200.00 INR. Maximum safe amount today is 50200.00 INR.
request_79,0.0,not_affordable,not_recommended,none,,none,Processing error: Invalid comparison between dtype=str and Timestamp
request_80,0.0,not_affordable,not_recommended,none,,none,Current balance is 280125.00 INR; minimum balance to keep is 121300.00 INR. Maximum safe amount today is 0.00 INR.
request_81,2076.0,affordable_now,full_payment,2026-07-03:2076.00,2026-07-03,none,Current balance: 5028.25 USD. Required minimum: 1600.00 USD. Safe amount today: 2076.00 USD. Recommended method: full_payment. Full payment is first forecast safe on 2026-07-03.
request_82,1102.4,not_affordable,not_recommended,none,,none,Current balance is 2202.40 USD; minimum balance to keep is 1100.00 USD. Maximum safe amount today is 1102.40 USD.
request_83,0.0,not_affordable,not_recommended,none,,none,Current balance is 68930.00 INR; minimum balance to keep is 37800.00 INR. Maximum safe amount today is 0.00 INR.
request_84,0.0,not_affordable,not_recommended,none,,none,Processing error: Invalid comparison between dtype=str and Timestamp
request_85,2422120.0,not_affordable,not_recommended,none,,none,Current balance is 8818420.00 IDR; minimum balance to keep is 6396300.00 IDR. Maximum safe amount today is 2422120.00 IDR.
request_86,46300.0,affordable_now,full_payment,2025-08-03:46300.00,2025-08-03,none,Current balance: 228639.50 INR. Required minimum: 84900.00 INR. Safe amount today: 46300.00 INR. Recommended method: full_payment. Full payment is first forecast safe on 2025-08-03.
request_87,0.0,not_affordable,not_recommended,none,,none,Current balance is 278750.00 INR; minimum balance to keep is 185900.00 INR. Maximum safe amount today is 0.00 INR.
request_88,15557.89,affordable_with_plan,installments,2024-06-14:9045.23|2024-07-15:9045.23|2024-08-15:9045.23,2024-06-14,none,Current balance: 41357.89 ZAR. Required minimum: 25800.00 ZAR. Safe amount today: 15557.89 ZAR. Recommended method: installments. Full payment is first forecast safe on 2024-06-14.
request_89,13756000.0,affordable_with_plan,installments,2025-11-18:4768746.67|2025-12-16:4768746.67|2026-01-13:4768746.67,2025-11-14,none,Current balance: 27331862.01 IDR. Required minimum: 12534700.00 IDR. Safe amount today: 13756000.00 IDR. Recommended method: installments. Full payment is first forecast safe on 2025-11-14.
request_90,2560.0,affordable_now,full_payment,2026-07-06:2560.00,2026-07-06,none,Current balance: 31629.50 ZAR. Required minimum: 7600.00 ZAR. Safe amount today: 2560.00 ZAR. Recommended method: full_payment. Full payment is first forecast safe on 2026-07-06.
request_91,1927.2,not_affordable,not_recommended,none,,none,Current balance is 4209.60 EUR; minimum balance to keep is 2100.00 EUR. Maximum safe amount today is 1927.20 EUR.
request_92,29493.59,not_affordable,not_recommended,none,,none,Current balance is 78664.47 ZAR; minimum balance to keep is 28100.00 ZAR. Maximum safe amount today is 29493.59 ZAR.
request_93,1729.2,affordable_now,full_payment,2026-04-07:1729.20,2026-04-07,none,Current balance: 3962.10 USD. Required minimum: 1900.00 USD. Safe amount today: 1729.20 USD. Recommended method: full_payment. Full payment is first forecast safe on 2026-04-07.
request_94,572.0,affordable_now,full_payment,2024-12-04:572.00,2024-12-04,none,Current balance: 2663.60 EUR. Required minimum: 600.00 EUR. Safe amount today: 572.00 EUR. Recommended method: full_payment. Full payment is first forecast safe on 2024-12-04.
request_95,137865.0,not_affordable,not_recommended,none,,none,Current balance is 283365.00 INR; minimum balance to keep is 145500.00 INR. Maximum safe amount today is 137865.00 INR.
request_96,90200.0,not_affordable,not_recommended,none,,none,Current balance is 161635.49 INR; minimum balance to keep is 56500.00 INR. Maximum safe amount today is 90200.00 INR.
request_97,8865.89,affordable_with_plan,installments,2024-03-19:8145.28|2024-04-19:8145.28|2024-05-20:8145.28,2024-03-15,none,Current balance: 38565.89 ZAR. Required minimum: 29700.00 ZAR. Safe amount today: 8865.89 ZAR. Recommended method: installments. Full payment is first forecast safe on 2024-03-15.
request_98,0.0,not_affordable,not_recommended,none,,none,Processing error: Invalid comparison between dtype=str and Timestamp
request_99,18062.0,not_affordable,not_recommended,none,,none,Current balance is 86706.58 ZAR; minimum balance to keep is 49100.00 ZAR. Maximum safe amount today is 18062.00 ZAR.
request_100,35863.53,affordable_with_plan,installments,2024-06-13:12866.19|2024-07-14:12866.19|2024-08-14:12866.19,2024-06-15,none,Current balance: 68363.53 ZAR. Required minimum: 32500.00 ZAR. Safe amount today: 35863.53 ZAR. Recommended method: installments. Full payment is first forecast safe on 2024-06-15.
request_101,143500.0,affordable_now,full_payment,2025-11-03:143500.00,2025-11-03,none,Current balance: 465868.50 INR. Required minimum: 187400.00 INR. Safe amount today: 143500.00 INR. Recommended method: full_payment. Full payment is first forecast safe on 2025-11-03.
request_102,1716.0,affordable_with_plan,installments,2026-04-05:594.88|2026-05-05:594.88|2026-06-04:594.88,2026-04-05,none,Current balance: 4643.74 EUR. Required minimum: 900.00 EUR. Safe amount today: 1716.00 EUR. Recommended method: installments. Full payment is first forecast safe on 2026-04-05.
request_103,43249.0,not_affordable,not_recommended,none,,none,Current balance is 168749.00 INR; minimum balance to keep is 125500.00 INR. Maximum safe amount today is 43249.00 INR.
request_104,0.0,not_affordable,not_recommended,none,,none,Current balance is 64021.70 ZAR; minimum balance to keep is 24700.00 ZAR. Maximum safe amount today is 0.00 ZAR.
request_105,53500.0,affordable_later,wait,2026-06-14:53500.00,2026-06-14,none,Current balance: 147831.80 INR. Required minimum: 73900.00 INR. Safe amount today: 53500.00 INR. Recommended method: wait. Full payment is first forecast safe on 2026-06-14.
request_106,1401.7,not_affordable,not_recommended,none,,none,Current balance is 2601.70 EUR; minimum balance to keep is 1200.00 EUR. Maximum safe amount today is 1401.70 EUR.
request_107,983.72,not_affordable,not_recommended,none,,none,Current balance is 5054.52 EUR; minimum balance to keep is 1600.00 EUR. Maximum safe amount today is 983.72 EUR.
request_108,0.0,not_affordable,not_recommended,none,,none,Current balance is 31936.40 ZAR; minimum balance to keep is 24100.00 ZAR. Maximum safe amount today is 0.00 ZAR.
request_109,0.0,not_affordable,not_recommended,none,,none,Processing error: Invalid comparison between dtype=str and Timestamp
request_110,22352.0,affordable_with_plan,installments,2025-08-06:7748.69|2025-09-03:7748.69|2025-10-01:7748.69,2025-08-06,none,Current balance: 61229.53 ZAR. Required minimum: 11200.00 ZAR. Safe amount today: 22352.00 ZAR. Recommended method: installments. Full payment is first forecast safe on 2025-08-06.
request_111,16625000.0,affordable_now,full_payment,2026-04-03:16625000.00,2026-04-03,none,Current balance: 85204860.00 IDR. Required minimum: 23022800.00 IDR. Safe amount today: 16625000.00 IDR. Recommended method: full_payment. Full payment is first forecast safe on 2026-04-03.
request_112,0.0,not_affordable,not_recommended,none,,none,Current balance is 1026.00 EUR; minimum balance to keep is 500.00 EUR. Maximum safe amount today is 0.00 EUR.
request_113,0.0,not_affordable,not_recommended,none,,none,Processing error: Invalid comparison between dtype=str and Timestamp
request_114,65300.0,not_affordable,not_recommended,none,,none,Current balance is 219230.00 INR; minimum balance to keep is 113400.00 INR. Maximum safe amount today is 65300.00 INR.
request_115,27135.0,affordable_later,wait,2024-11-13:80500.00,2024-11-13,none,Current balance: 65935.00 INR. Required minimum: 38800.00 INR. Safe amount today: 27135.00 INR. Recommended method: wait. Full payment is first forecast safe on 2024-11-13.
request_116,58075.0,not_affordable,not_recommended,none,,none,Current balance is 138375.00 INR; minimum balance to keep is 80300.00 INR. Maximum safe amount today is 58075.00 INR.
request_117,880.0,not_affordable,not_recommended,none,,none,Current balance is 2164.20 EUR; minimum balance to keep is 1000.00 EUR. Maximum safe amount today is 880.00 EUR.
request_118,738.1,not_affordable,not_recommended,none,,none,Current balance is 1538.51 EUR; minimum balance to keep is 600.00 EUR. Maximum safe amount today is 738.10 EUR.
request_119,0.0,not_affordable,not_recommended,none,,none,Current balance is 282101.01 INR; minimum balance to keep is 151200.00 INR. Maximum safe amount today is 0.00 INR.
request_120,7714000.0,affordable_now,full_payment,2026-04-06:7714000.00,2026-04-06,none,Current balance: 31748980.00 IDR. Required minimum: 20050300.00 IDR. Safe amount today: 7714000.00 IDR. Recommended method: full_payment. Full payment is first forecast safe on 2026-04-06.
request_121,633.6,affordable_now,full_payment,2024-03-03:633.60,2024-03-03,none,Current balance: 1741.00 USD. Required minimum: 800.00 USD. Safe amount today: 633.60 USD. Recommended method: full_payment. Full payment is first forecast safe on 2024-03-03.
request_122,20558000.0,affordable_with_plan,installments,2025-08-05:7126773.33|2025-09-02:7126773.33|2025-09-30:7126773.33,2025-08-05,none,Current balance: 56827244.99 IDR. Required minimum: 12588500.00 IDR. Safe amount today: 20558000.00 IDR. Recommended method: installments. Full payment is first forecast safe on 2025-08-05.
request_123,4076000.0,affordable_now,full_payment,2026-01-07:4076000.00,2026-01-07,none,Current balance: 63706400.00 IDR. Required minimum: 18091200.00 IDR. Safe amount today: 4076000.00 IDR. Recommended method: full_payment. Full payment is first forecast safe on 2026-01-07.
request_124,2109.56,affordable_with_plan,installments,2024-06-11:1076.12|2024-07-12:1076.12|2024-08-12:1076.12,2024-06-14,none,Current balance: 3709.56 EUR. Required minimum: 1600.00 EUR. Safe amount today: 2109.56 EUR. Recommended method: installments. Full payment is first forecast safe on 2024-06-14.
request_125,0.0,not_affordable,not_recommended,none,,none,Processing error: Invalid comparison between dtype=str and Timestamp
request_126,159600.0,affordable_now,full_payment,2026-07-03:159600.00,2026-07-03,none,Current balance: 403175.00 INR. Required minimum: 129700.00 INR. Safe amount today: 159600.00 INR. Recommended method: full_payment. Full payment is first forecast safe on 2026-07-03.
request_127,0.0,not_affordable,not_recommended,none,,none,Current balance is 66058.00 ZAR; minimum balance to keep is 41000.00 ZAR. Maximum safe amount today is 0.00 ZAR.
request_128,25168.0,affordable_now,full_payment,2025-02-07:25168.00,2025-02-07,none,Current balance: 80711.70 ZAR. Required minimum: 42600.00 ZAR. Safe amount today: 25168.00 ZAR. Recommended method: full_payment. Full payment is first forecast safe on 2025-02-07.
request_129,288.0,not_affordable,not_recommended,none,,none,Current balance is 1088.00 USD; minimum balance to keep is 800.00 USD. Maximum safe amount today is 288.00 USD.
request_130,917.46,not_affordable,not_recommended,none,,none,Current balance is 2317.46 USD; minimum balance to keep is 1400.00 USD. Maximum safe amount today is 917.46 USD.
request_131,1855.2,not_affordable,not_recommended,none,,none,Current balance is 3387.16 USD; minimum balance to keep is 1100.00 USD. Maximum safe amount today is 1855.20 USD.
request_132,379.86,affordable_later,wait,2026-01-14:379.86,2026-01-14,none,Current balance: 1744.55 USD. Required minimum: 1100.00 USD. Safe amount today: 379.86 USD. Recommended method: wait. Full payment is first forecast safe on 2026-01-14.
request_133,15770000.0,affordable_later,not_recommended,none,2024-03-07,none,Current balance is 36824650.00 IDR; minimum balance to keep is 9986200.00 IDR. Maximum safe amount today is 15770000.00 IDR.
request_134,12118200.0,affordable_later,wait,2025-08-14:21831000.00,2025-08-14,none,Current balance: 28020700.00 IDR. Required minimum: 15902500.00 IDR. Safe amount today: 12118200.00 IDR. Recommended method: wait. Full payment is first forecast safe on 2025-08-14.
request_135,304.8,not_affordable,not_recommended,none,,none,Current balance is 1041.10 USD; minimum balance to keep is 500.00 USD. Maximum safe amount today is 304.80 USD.
request_136,560.4,affordable_now,full_payment,2024-06-03:560.40,2024-06-03,none,Current balance: 2291.68 USD. Required minimum: 1100.00 USD. Safe amount today: 560.40 USD. Recommended method: full_payment. Full payment is first forecast safe on 2024-06-03.
request_137,67960.0,not_affordable,not_recommended,none,,none,Current balance is 139760.00 INR; minimum balance to keep is 71800.00 INR. Maximum safe amount today is 67960.00 INR.
request_138,1256.94,affordable_with_plan,installments,2026-04-07:435.74|2026-05-05:435.74|2026-06-02:435.74,2026-04-14,none,Current balance: 3644.65 EUR. Required minimum: 2300.00 EUR. Safe amount today: 1256.94 EUR. Recommended method: installments. Full payment is first forecast safe on 2026-04-14.
request_139,2267.84,affordable_with_plan,installments,2024-09-07:802.88|2024-10-08:802.88|2024-11-08:802.88,2024-09-14,none,Current balance: 3767.84 USD. Required minimum: 1500.00 USD. Safe amount today: 2267.84 USD. Recommended method: installments. Full payment is first forecast safe on 2024-09-14.
request_140,0.0,not_affordable,not_recommended,none,,none,Current balance is 34679.00 ZAR; minimum balance to keep is 21600.00 ZAR. Maximum safe amount today is 0.00 ZAR.
request_141,55245.0,not_affordable,not_recommended,none,,none,Current balance is 122545.00 INR; minimum balance to keep is 67300.00 INR. Maximum safe amount today is 55245.00 INR.
request_142,1263.6,affordable_now,full_payment,2024-12-05:1263.60,2024-12-05,none,Current balance: 5993.85 USD. Required minimum: 1700.00 USD. Safe amount today: 1263.60 USD. Recommended method: full_payment. Full payment is first forecast safe on 2024-12-05.
request_143,8811.0,not_affordable,not_recommended,none,,none,Current balance is 20111.00 ZAR; minimum balance to keep is 11300.00 ZAR. Maximum safe amount today is 8811.00 ZAR.
request_144,0.0,not_affordable,not_recommended,none,,none,Current balance is 1248.08 USD; minimum balance to keep is 600.00 USD. Maximum safe amount today is 0.00 USD.
request_145,105613.66,affordable_later,not_recommended,none,2024-05-23,none,Current balance is 261013.66 INR; minimum balance to keep is 155400.00 INR. Maximum safe amount today is 105613.66 INR.
request_146,81465.0,affordable_later,wait,2025-10-13:449400.00,2025-10-13,none,Current balance: 190065.00 INR. Required minimum: 108600.00 INR. Safe amount today: 81465.00 INR. Recommended method: wait. Full payment is first forecast safe on 2025-10-13.
request_147,0.0,not_affordable,not_recommended,none,,none,Current balance is 1641.53 EUR; minimum balance to keep is 900.00 EUR. Maximum safe amount today is 0.00 EUR.
request_148,13181.08,affordable_with_plan,installments,2024-06-14:7710.56|2024-07-15:7710.56|2024-08-15:7710.56,2024-07-14,none,Current balance: 33181.08 ZAR. Required minimum: 20000.00 ZAR. Safe amount today: 13181.08 ZAR. Recommended method: installments. Full payment is first forecast safe on 2024-07-14.
request_149,36652.0,affordable_with_plan,installments,2025-11-18:12706.03|2025-12-16:12706.03|2026-01-13:12706.03,2025-11-14,none,Current balance: 84358.38 ZAR. Required minimum: 42100.00 ZAR. Safe amount today: 36652.00 ZAR. Recommended method: installments. Full payment is first forecast safe on 2025-11-14.
request_150,496.1,affordable_later,not_recommended,none,2026-03-15,none,Current balance is 1257.44 EUR; minimum balance to keep is 700.00 EUR. Maximum safe amount today is 496.10 EUR.
request_151,26999000.0,affordable_now,full_payment,2024-09-03:26999000.00,2024-09-03,none,Current balance: 83998265.00 IDR. Required minimum: 31633600.00 IDR. Safe amount today: 26999000.00 IDR. Recommended method: full_payment. Full payment is first forecast safe on 2024-09-03.
request_152,13882.0,not_affordable,not_recommended,none,,none,Current balance is 28368.77 ZAR; minimum balance to keep is 11900.00 ZAR. Maximum safe amount today is 13882.00 ZAR.
request_153,0.0,not_affordable,not_recommended,none,,none,Processing error: Invalid comparison between dtype=str and Timestamp
request_154,1625.8,not_affordable,not_recommended,none,,none,Current balance is 4679.40 EUR; minimum balance to keep is 1300.00 EUR. Maximum safe amount today is 1625.80 EUR.
request_155,112500.0,not_affordable,not_recommended,none,,none,Current balance is 218050.00 INR; minimum balance to keep is 56300.00 INR. Maximum safe amount today is 112500.00 INR.
request_156,15205.3,affordable_later,wait,2026-05-14:43076.00,2026-05-14,none,Current balance: 42105.30 ZAR. Required minimum: 26900.00 ZAR. Safe amount today: 15205.30 ZAR. Recommended method: wait. Full payment is first forecast safe on 2026-05-14.
request_157,10091850.0,not_affordable,not_recommended,none,,none,Current balance is 25805950.00 IDR; minimum balance to keep is 15714100.00 IDR. Maximum safe amount today is 10091850.00 IDR.
request_158,242600.0,affordable_with_plan,installments,2025-08-07:84101.33|2025-09-04:84101.33|2025-10-02:84101.33,2025-08-07,none,Current balance: 745417.10 INR. Required minimum: 131400.00 INR. Safe amount today: 242600.00 INR. Recommended method: installments. Full payment is first forecast safe on 2025-08-07.
request_159,13398.0,affordable_now,full_payment,2026-01-04:13398.00,2026-01-04,none,Current balance: 40283.20 ZAR. Required minimum: 8700.00 ZAR. Safe amount today: 13398.00 ZAR. Recommended method: full_payment. Full payment is first forecast safe on 2026-01-04.
request_160,944.61,affordable_with_plan,installments,2024-06-13:432.05|2024-07-14:432.05|2024-08-14:432.05,2024-06-14,none,Current balance: 2144.61 EUR. Required minimum: 1200.00 EUR. Safe amount today: 944.61 EUR. Recommended method: installments. Full payment is first forecast safe on 2024-06-14.
request_161,0.0,not_affordable,not_recommended,none,,none,Current balance is 41308350.00 IDR; minimum balance to keep is 23010400.00 IDR. Maximum safe amount today is 0.00 IDR.
request_162,10446200.0,not_affordable,not_recommended,none,,none,Current balance is 34607300.00 IDR; minimum balance to keep is 24161100.00 IDR. Maximum safe amount today is 10446200.00 IDR.
request_163,19304000.0,not_affordable,not_recommended,none,,none,Current balance is 49519524.26 IDR; minimum balance to keep is 26728700.00 IDR. Maximum safe amount today is 19304000.00 IDR.
request_164,21973642.69,not_affordable,not_recommended,none,,none,Current balance is 75429169.20 IDR; minimum balance to keep is 29550500.00 IDR. Maximum safe amount today is 21973642.69 IDR.
request_165,80600.0,affordable_now,full_payment,2026-04-06:80600.00,2026-04-06,none,Current balance: 366705.00 INR. Required minimum: 95000.00 INR. Safe amount today: 80600.00 INR. Recommended method: full_payment. Full payment is first forecast safe on 2026-04-06.
request_166,2907.6,affordable_with_plan,installments,2024-12-03:1007.97|2025-01-03:1007.97|2025-02-03:1007.97,2024-12-03,none,Current balance: 9001.95 USD. Required minimum: 1700.00 USD. Safe amount today: 2907.60 USD. Recommended method: installments. Full payment is first forecast safe on 2024-12-03.
request_167,43802.0,affordable_now,full_payment,2025-05-05:43802.00,2025-05-05,none,Current balance: 105090.30 ZAR. Required minimum: 31200.00 ZAR. Safe amount today: 43802.00 ZAR. Recommended method: full_payment. Full payment is first forecast safe on 2025-05-05.
request_168,49380.0,affordable_later,not_recommended,none,2026-02-13,none,Current balance is 173843.00 INR; minimum balance to keep is 114400.00 INR. Maximum safe amount today is 49380.00 INR.
request_169,0.0,not_affordable,not_recommended,none,,none,Processing error: Invalid comparison between dtype=str and Timestamp
request_170,36936000.0,affordable_with_plan,installments,2025-08-06:12804480.00|2025-09-03:12804480.00|2025-10-01:12804480.00,2025-09-13,none,Current balance: 69446998.40 IDR. Required minimum: 24715800.00 IDR. Safe amount today: 36936000.00 IDR. Recommended method: installments. Full payment is first forecast safe on 2025-09-13.
request_171,310.65,not_affordable,not_recommended,none,,none,Current balance is 810.65 EUR; minimum balance to keep is 500.00 EUR. Maximum safe amount today is 310.65 EUR.
request_172,10200.0,affordable_with_plan,installments,2024-06-05:5304.00|2024-07-03:5304.00,2024-06-05,none,Current balance: 50942.40 ZAR. Required minimum: 27200.00 ZAR. Safe amount today: 10200.00 ZAR. Recommended method: installments. Full payment is first forecast safe on 2024-06-05.
request_173,0.0,not_affordable,not_recommended,none,,none,Processing error: Invalid comparison between dtype=str and Timestamp
request_174,1146.2,affordable_with_plan,installments,2026-04-04:397.35|2026-05-04:397.35|2026-06-03:397.35,2026-04-04,none,Current balance: 3266.04 EUR. Required minimum: 700.00 EUR. Safe amount today: 1146.20 EUR. Recommended method: installments. Full payment is first forecast safe on 2026-04-04.
request_175,2346.3,affordable_now,full_payment,2024-09-06:2346.30,2024-09-06,none,Current balance: 4760.25 EUR. Required minimum: 1700.00 EUR. Safe amount today: 2346.30 EUR. Recommended method: full_payment. Full payment is first forecast safe on 2024-09-06.
request_176,0.0,not_affordable,not_recommended,none,,none,Current balance is 1286.95 EUR; minimum balance to keep is 600.00 EUR. Maximum safe amount today is 0.00 EUR.
request_177,1017.6,affordable_now,full_payment,2026-01-05:1017.60,2026-01-05,none,Current balance: 2987.24 USD. Required minimum: 1300.00 USD. Safe amount today: 1017.60 USD. Recommended method: full_payment. Full payment is first forecast safe on 2026-01-05.
request_178,2938.1,affordable_with_plan,installments,2024-12-07:1018.54|2025-01-07:1018.54|2025-02-07:1018.54,2024-12-07,none,Current balance: 7959.30 EUR. Required minimum: 1400.00 EUR. Safe amount today: 2938.10 EUR. Recommended method: installments. Full payment is first forecast safe on 2024-12-07.
request_179,37957250.0,not_affordable,not_recommended,none,,none,Current balance is 79388050.00 IDR; minimum balance to keep is 41430800.00 IDR. Maximum safe amount today is 37957250.00 IDR.
request_180,37654.33,not_affordable,not_recommended,none,,none,Current balance is 134980.00 INR; minimum balance to keep is 37300.00 INR. Maximum safe amount today is 37654.33 INR.
request_181,1362.0,not_affordable,not_recommended,none,,none,Current balance is 3362.00 USD; minimum balance to keep is 2000.00 USD. Maximum safe amount today is 1362.00 USD.
request_182,65714.0,affordable_now,full_payment,2025-08-05:65714.00,2025-08-05,none,Current balance: 125010.30 ZAR. Required minimum: 31100.00 ZAR. Safe amount today: 65714.00 ZAR. Recommended method: full_payment. Full payment is first forecast safe on 2025-08-05.
request_183,0.0,not_affordable,not_recommended,none,,none,Processing error: Invalid comparison between dtype=str and Timestamp
request_184,0.0,not_affordable,not_recommended,none,,none,Processing error: Invalid comparison between dtype=str and Timestamp
request_185,783.4,affordable_later,wait,2026-01-13:1257.30,2026-01-13,none,Current balance: 2083.40 EUR. Required minimum: 1300.00 EUR. Safe amount today: 783.40 EUR. Recommended method: wait. Full payment is first forecast safe on 2026-01-13.
request_186,22863.5,affordable_later,wait,2026-03-15:26554.00,2026-03-15,none,Current balance: 44863.50 ZAR. Required minimum: 22000.00 ZAR. Safe amount today: 22863.50 ZAR. Recommended method: wait. Full payment is first forecast safe on 2026-03-15.
request_187,67435.0,affordable_later,wait,2024-11-13:187500.00,2024-11-13,none,Current balance: 195735.00 INR. Required minimum: 128300.00 INR. Safe amount today: 67435.00 INR. Recommended method: wait. Full payment is first forecast safe on 2024-11-13.
request_188,585.3,not_affordable,not_recommended,none,,none,Current balance is 1485.30 EUR; minimum balance to keep is 900.00 EUR. Maximum safe amount today is 585.30 EUR.
request_189,488.4,affordable_now,full_payment,2026-07-04:488.40,2026-07-04,none,Current balance: 1147.66 EUR. Required minimum: 400.00 EUR. Safe amount today: 488.40 EUR. Recommended method: full_payment. Full payment is first forecast safe on 2026-07-04.
request_190,1555.8,affordable_later,wait,2024-12-15:2557.50,2024-12-15,none,Current balance: 3155.80 EUR. Required minimum: 1600.00 EUR. Safe amount today: 1555.80 EUR. Recommended method: wait. Full payment is first forecast safe on 2024-12-15.
request_191,664.4,affordable_now,full_payment,2025-05-03:664.40,2025-05-03,none,Current balance: 1591.06 EUR. Required minimum: 500.00 EUR. Safe amount today: 664.40 EUR. Recommended method: full_payment. Full payment is first forecast safe on 2025-05-03.
request_192,0.0,not_affordable,not_recommended,none,,none,Current balance is 1384.80 USD; minimum balance to keep is 1000.00 USD. Maximum safe amount today is 0.00 USD.
request_193,310.62,affordable_with_plan,installments,2024-03-21:420.23|2024-04-21:420.23|2024-05-22:420.23,2024-05-18,none,Current balance: 1310.62 EUR. Required minimum: 1000.00 EUR. Safe amount today: 310.62 EUR. Recommended method: installments. Full payment is first forecast safe on 2024-05-18.
request_194,95030.0,not_affordable,not_recommended,none,,none,Current balance is 208630.00 INR; minimum balance to keep is 113600.00 INR. Maximum safe amount today is 95030.00 INR.
request_195,1170.4,affordable_with_plan,installments,2026-01-09:405.74|2026-02-08:405.74|2026-03-10:405.74,2026-02-13,none,Current balance: 2011.18 EUR. Required minimum: 700.00 EUR. Safe amount today: 1170.40 EUR. Recommended method: installments. Full payment is first forecast safe on 2026-02-13.
request_196,762.3,affordable_now,full_payment,2024-06-03:762.30,2024-06-03,none,Current balance: 1575.65 EUR. Required minimum: 500.00 EUR. Safe amount today: 762.30 EUR. Recommended method: full_payment. Full payment is first forecast safe on 2024-06-03.
request_197,29286588.27,not_affordable,not_recommended,none,,none,Current balance is 96081218.26 IDR; minimum balance to keep is 26245900.00 IDR. Maximum safe amount today is 29286588.27 IDR.
request_198,185800.0,affordable_now,full_payment,2026-07-07:185800.00,2026-07-07,none,Current balance: 395190.00 INR. Required minimum: 124300.00 INR. Safe amount today: 185800.00 INR. Recommended method: full_payment. Full payment is first forecast safe on 2026-07-07.
request_199,23674000.0,affordable_with_plan,installments,2024-09-07:8206986.67|2024-10-08:8206986.67|2024-11-08:8206986.67,2024-09-04,none,Current balance: 136691818.94 IDR. Required minimum: 25359500.00 IDR. Safe amount today: 23674000.00 IDR. Recommended method: installments. Full payment is first forecast safe on 2024-09-04.
request_200,21717000.0,affordable_now,full_payment,2025-02-06:21717000.00,2025-02-06,none,Current balance: 53886150.00 IDR. Required minimum: 20114600.00 IDR. Safe amount today: 21717000.00 IDR. Recommended method: full_payment. Full payment is first forecast safe on 2025-02-06.
request_201,23997000.0,affordable_now,full_payment,2026-04-03:23997000.00,2026-04-03,none,Current balance: 77973400.00 IDR. Required minimum: 17304500.00 IDR. Safe amount today: 23997000.00 IDR. Recommended method: full_payment. Full payment is first forecast safe on 2026-04-03.
request_202,123900.0,affordable_now,full_payment,2024-12-05:123900.00,2024-12-05,none,Current balance: 366065.00 INR. Required minimum: 147800.00 INR. Safe amount today: 123900.00 INR. Recommended method: full_payment. Full payment is first forecast safe on 2024-12-05.
request_203,1442.1,affordable_with_plan,installments,2025-05-10:499.93|2025-06-07:499.93|2025-07-05:499.93,2025-05-07,none,Current balance: 8327.38 EUR. Required minimum: 1400.00 EUR. Safe amount today: 1442.10 EUR. Recommended method: installments. Full payment is first forecast safe on 2025-05-07.
request_204,0.0,not_affordable,not_recommended,none,,none,Current balance is 2626.28 EUR; minimum balance to keep is 1300.00 EUR. Maximum safe amount today is 0.00 EUR.
request_205,10621000.0,affordable_now,full_payment,2024-03-06:10621000.00,2024-03-06,none,Current balance: 31462900.00 IDR. Required minimum: 13994300.00 IDR. Safe amount today: 10621000.00 IDR. Recommended method: full_payment. Full payment is first forecast safe on 2024-03-06.
request_206,1404.7,affordable_with_plan,installments,2025-08-03:486.96|2025-08-31:486.96|2025-09-28:486.96,2025-08-03,none,Current balance: 5231.14 EUR. Required minimum: 900.00 EUR. Safe amount today: 1404.70 EUR. Recommended method: installments. Full payment is first forecast safe on 2025-08-03.
request_207,11830.0,affordable_later,wait,2026-07-15:11830.00,2026-07-15,none,Current balance: 26729.60 ZAR. Required minimum: 13600.00 ZAR. Safe amount today: 11830.00 ZAR. Recommended method: wait. Full payment is first forecast safe on 2026-07-15.
request_208,4413000.0,affordable_later,wait,2024-06-14:4413000.00,2024-06-14,none,Current balance: 16928800.00 IDR. Required minimum: 10470700.00 IDR. Safe amount today: 4413000.00 IDR. Recommended method: wait. Full payment is first forecast safe on 2024-06-14.
request_209,8625.1,not_affordable,not_recommended,none,,none,Current balance is 27025.10 ZAR; minimum balance to keep is 18400.00 ZAR. Maximum safe amount today is 8625.10 ZAR.
request_210,1360.02,affordable_with_plan,installments,2026-04-06:471.48|2026-05-04:471.48|2026-06-01:471.48,2026-04-14,none,Current balance: 3525.32 USD. Required minimum: 2000.00 USD. Safe amount today: 1360.02 USD. Recommended method: installments. Full payment is first forecast safe on 2026-04-14.
request_211,1227.89,affordable_later,wait,2024-09-14:1788.60,2024-09-14,none,Current balance: 2727.89 EUR. Required minimum: 1500.00 EUR. Safe amount today: 1227.89 EUR. Recommended method: wait. Full payment is first forecast safe on 2024-09-14.
request_212,22344000.0,not_affordable,not_recommended,none,,none,Current balance is 51923800.00 IDR; minimum balance to keep is 29579800.00 IDR. Maximum safe amount today is 22344000.00 IDR.
request_213,3362.4,affordable_with_plan,installments,2026-01-21:1165.63|2026-02-20:1165.63|2026-03-22:1165.63,2026-01-07,none,Current balance: 12051.94 USD. Required minimum: 2100.00 USD. Safe amount today: 3362.40 USD. Recommended method: installments. Full payment is first forecast safe on 2026-01-07.
request_214,0.0,not_affordable,not_recommended,none,,none,Processing error: Invalid comparison between dtype=str and Timestamp
request_215,29986.0,affordable_with_plan,installments,2025-05-09:10395.15|2025-06-06:10395.15|2025-07-04:10395.15,2025-05-06,none,Current balance: 93951.16 ZAR. Required minimum: 15700.00 ZAR. Safe amount today: 29986.00 ZAR. Recommended method: installments. Full payment is first forecast safe on 2025-05-06.
request_216,1166.8,not_affordable,not_recommended,none,,none,Current balance is 2966.80 USD; minimum balance to keep is 1800.00 USD. Maximum safe amount today is 1166.80 USD.
request_217,31601.97,affordable_with_plan,installments,2024-03-19:12889.07|2024-04-19:12889.07|2024-05-20:12889.07,2024-03-15,none,Current balance: 58401.97 ZAR. Required minimum: 26800.00 ZAR. Safe amount today: 31601.97 ZAR. Recommended method: installments. Full payment is first forecast safe on 2024-03-15.
request_218,37942414.8,affordable_with_plan,installments,2025-08-07:21195893.33|2025-09-04:21195893.33|2025-10-02:21195893.33,2025-08-14,none,Current balance: 72419614.80 IDR. Required minimum: 34477200.00 IDR. Safe amount today: 37942414.80 IDR. Recommended method: installments. Full payment is first forecast safe on 2025-08-14.
request_219,0.0,not_affordable,not_recommended,none,,none,Current balance is 2815.51 EUR; minimum balance to keep is 1100.00 EUR. Maximum safe amount today is 0.00 EUR.
request_220,387.32,not_affordable,not_recommended,none,,none,Current balance is 1487.32 EUR; minimum balance to keep is 1100.00 EUR. Maximum safe amount today is 387.32 EUR.
request_221,109800.0,affordable_now,full_payment,2025-11-03:109800.00,2025-11-03,none,Current balance: 268305.00 INR. Required minimum: 81500.00 INR. Safe amount today: 109800.00 INR. Recommended method: full_payment. Full payment is first forecast safe on 2025-11-03.
request_222,34078.0,affordable_now,full_payment,2026-01-05:34078.00,2026-01-05,none,Current balance: 118101.70 ZAR. Required minimum: 27300.00 ZAR. Safe amount today: 34078.00 ZAR. Recommended method: full_payment. Full payment is first forecast safe on 2026-01-05.
request_223,898.7,affordable_now,full_payment,2024-09-07:898.70,2024-09-07,none,Current balance: 2255.51 EUR. Required minimum: 800.00 EUR. Safe amount today: 898.70 EUR. Recommended method: full_payment. Full payment is first forecast safe on 2024-09-07.
request_224,10327000.0,affordable_later,not_recommended,none,2025-03-16,none,Current balance is 49969400.00 IDR; minimum balance to keep is 22187600.00 IDR. Maximum safe amount today is 10327000.00 IDR.
request_225,18120459.6,affordable_with_plan,installments,2026-07-20:7647120.00|2026-08-19:7647120.00|2026-09-18:7647120.00,2026-09-13,none,Current balance: 35791159.60 IDR. Required minimum: 17670700.00 IDR. Safe amount today: 18120459.60 IDR. Recommended method: installments. Full payment is first forecast safe on 2026-09-13.
request_226,157000.0,not_affordable,not_recommended,none,,none,Current balance is 581180.00 INR; minimum balance to keep is 209400.00 INR. Maximum safe amount today is 157000.00 INR.
request_227,42755.0,not_affordable,not_recommended,none,,none,Current balance is 105655.00 INR; minimum balance to keep is 62900.00 INR. Maximum safe amount today is 42755.00 INR.
request_228,0.0,not_affordable,not_recommended,none,,none,Current balance is 36748550.00 IDR; minimum balance to keep is 26191200.00 IDR. Maximum safe amount today is 0.00 IDR.
request_229,800.52,affordable_with_plan,installments,2024-03-18:529.29|2024-04-18:529.29|2024-05-19:529.29,2024-05-18,none,Current balance: 1800.52 EUR. Required minimum: 1000.00 EUR. Safe amount today: 800.52 EUR. Recommended method: installments. Full payment is first forecast safe on 2024-05-18.
request_230,3537.6,not_affordable,not_recommended,none,,none,Current balance is 8676.76 EUR; minimum balance to keep is 2000.00 EUR. Maximum safe amount today is 3537.60 EUR.
request_231,35706.0,affordable_with_plan,installments,2026-01-06:12378.08|2026-02-05:12378.08|2026-03-07:12378.08,2026-01-14,none,Current balance: 84590.59 ZAR. Required minimum: 24300.00 ZAR. Safe amount today: 35706.00 ZAR. Recommended method: installments. Full payment is first forecast safe on 2026-01-14.
request_232,0.0,not_affordable,not_recommended,none,,none,Current balance is 4269.40 EUR; minimum balance to keep is 2400.00 EUR. Maximum safe amount today is 0.00 EUR.
request_233,0.0,not_affordable,not_recommended,none,,none,Current balance is 19341300.00 IDR; minimum balance to keep is 10365700.00 IDR. Maximum safe amount today is 0.00 IDR.
request_234,574.25,affordable_later,wait,2026-09-13:1213.30,2026-09-13,none,Current balance: 1274.25 EUR. Required minimum: 700.00 EUR. Safe amount today: 574.25 EUR. Recommended method: wait. Full payment is first forecast safe on 2026-09-13.
request_235,0.0,not_affordable,not_recommended,none,,none,Processing error: Invalid comparison between dtype=str and Timestamp
request_236,14404850.0,not_affordable,not_recommended,none,,none,Current balance is 31173450.00 IDR; minimum balance to keep is 16768600.00 IDR. Maximum safe amount today is 14404850.00 IDR.
request_237,23826000.0,affordable_now,full_payment,2026-04-05:23826000.00,2026-04-05,none,Current balance: 100824550.00 IDR. Required minimum: 22431500.00 IDR. Safe amount today: 23826000.00 IDR. Recommended method: full_payment. Full payment is first forecast safe on 2026-04-05.
request_238,225.63,not_affordable,not_recommended,none,,none,Current balance is 1882.07 USD; minimum balance to keep is 700.00 USD. Maximum safe amount today is 225.63 USD.
request_239,642.0,not_affordable,not_recommended,none,,none,Current balance is 1988.90 USD; minimum balance to keep is 600.00 USD. Maximum safe amount today is 642.00 USD.
request_240,0.0,not_affordable,not_recommended,none,,none,Current balance is 92720.00 INR; minimum balance to keep is 52800.00 INR. Maximum safe amount today is 0.00 INR.
request_241,21052000.0,affordable_with_plan,installments,2024-03-17:7298026.67|2024-04-17:7298026.67|2024-05-18:7298026.67,2024-03-03,none,Current balance: 90172322.14 IDR. Required minimum: 19252000.00 IDR. Safe amount today: 21052000.00 IDR. Recommended method: installments. Full payment is first forecast safe on 2024-03-03.
request_242,0.0,not_affordable,not_recommended,none,,none,Current balance is 1037.40 EUR; minimum balance to keep is 600.00 EUR. Maximum safe amount today is 0.00 EUR.
request_243,17468.0,affordable_now,full_payment,2026-07-07:17468.00,2026-07-07,none,Current balance: 47470.40 ZAR. Required minimum: 19900.00 ZAR. Safe amount today: 17468.00 ZAR. Recommended method: full_payment. Full payment is first forecast safe on 2026-07-07.
request_244,49918.0,not_affordable,not_recommended,none,,none,Current balance is 126279.20 ZAR; minimum balance to keep is 45900.00 ZAR. Maximum safe amount today is 49918.00 ZAR.
request_245,0.0,not_affordable,not_recommended,none,,none,Processing error: Invalid comparison between dtype=str and Timestamp
request_246,64086.0,affordable_with_plan,installments,2026-04-03:22216.48|2026-05-03:22216.48|2026-06-02:22216.48,2026-04-03,none,Current balance: 201692.06 ZAR. Required minimum: 39300.00 ZAR. Safe amount today: 64086.00 ZAR. Recommended method: installments. Full payment is first forecast safe on 2026-04-03.
request_247,1059.3,affordable_now,full_payment,2024-09-05:1059.30,2024-09-05,none,Current balance: 2819.20 EUR. Required minimum: 1300.00 EUR. Safe amount today: 1059.30 EUR. Recommended method: full_payment. Full payment is first forecast safe on 2024-09-05.
request_248,0.0,not_affordable,not_recommended,none,,none,Current balance is 2807.36 USD; minimum balance to keep is 1300.00 USD. Maximum safe amount today is 0.00 USD.
request_249,342.4,affordable_later,wait,2026-03-15:643.20,2026-03-15,none,Current balance: 942.40 USD. Required minimum: 600.00 USD. Safe amount today: 342.40 USD. Recommended method: wait. Full payment is first forecast safe on 2026-03-15.
request_250,28820.0,not_affordable,not_recommended,none,,none,Current balance is 64120.00 ZAR; minimum balance to keep is 35300.00 ZAR. Maximum safe amount today is 28820.00 ZAR.
request_251,1513.6,affordable_later,not_recommended,none,2025-05-03,none,Current balance is 4648.55 EUR; minimum balance to keep is 1300.00 EUR. Maximum safe amount today is 1513.60 EUR.
request_252,10098500.0,affordable_later,wait,2026-09-13:28082000.00,2026-09-13,none,Current balance: 25250700.00 IDR. Required minimum: 15152200.00 IDR. Safe amount today: 10098500.00 IDR. Recommended method: wait. Full payment is first forecast safe on 2026-09-13.
request_253,2335.57,affordable_with_plan,installments,2024-03-21:984.60|2024-04-21:984.60|2024-05-22:984.60,2024-05-18,none,Current balance: 4635.57 EUR. Required minimum: 2300.00 EUR. Safe amount today: 2335.57 EUR. Recommended method: installments. Full payment is first forecast safe on 2024-05-18.
request_254,1759.6,affordable_later,wait,2025-10-13:3535.20,2025-10-13,none,Current balance: 4259.60 USD. Required minimum: 2500.00 USD. Safe amount today: 1759.60 USD. Recommended method: wait. Full payment is first forecast safe on 2025-10-13.
request_255,3345000.0,affordable_now,full_payment,2026-04-06:3345000.00,2026-04-06,none,Current balance: 38518150.00 IDR. Required minimum: 9813900.00 IDR. Safe amount today: 3345000.00 IDR. Recommended method: full_payment. Full payment is first forecast safe on 2026-04-06.
request_256,0.0,not_affordable,not_recommended,none,,none,Current balance is 394983.28 INR; minimum balance to keep is 168600.00 INR. Maximum safe amount today is 0.00 INR.
request_257,0.0,not_affordable,not_recommended,none,,none,Processing error: Invalid comparison between dtype=str and Timestamp
request_258,1113.6,not_affordable,not_recommended,none,,none,Current balance is 2603.68 USD; minimum balance to keep is 500.00 USD. Maximum safe amount today is 1113.60 USD.
request_259,669.3,affordable_later,wait,2024-10-14:935.00,2024-10-14,none,Current balance: 1269.30 EUR. Required minimum: 600.00 EUR. Safe amount today: 669.30 EUR. Recommended method: wait. Full payment is first forecast safe on 2024-10-14.
request_260,0.0,not_affordable,not_recommended,none,,none,Processing error: Invalid comparison between dtype=str and Timestamp
request_261,1830.4,affordable_now,full_payment,2026-07-03:1830.40,2026-07-03,none,Current balance: 4718.96 EUR. Required minimum: 1500.00 EUR. Safe amount today: 1830.40 EUR. Recommended method: full_payment. Full payment is first forecast safe on 2026-07-03.
request_262,0.0,not_affordable,not_recommended,none,,none,Current balance is 88406100.00 IDR; minimum balance to keep is 31018500.00 IDR. Maximum safe amount today is 0.00 IDR.
request_263,0.0,not_affordable,not_recommended,none,,none,Processing error: Invalid comparison between dtype=str and Timestamp
request_264,44875.0,affordable_later,wait,2026-06-13:111300.00,2026-06-13,none,Current balance: 104375.00 INR. Required minimum: 59500.00 INR. Safe amount today: 44875.00 INR. Recommended method: wait. Full payment is first forecast safe on 2026-06-13.
request_265,45970.0,affordable_now,full_payment,2024-03-06:45970.00,2024-03-06,none,Current balance: 786105.00 INR. Required minimum: 189700.00 INR. Safe amount today: 45970.00 INR. Recommended method: full_payment. Full payment is first forecast safe on 2024-03-06.
request_266,935.0,affordable_with_plan,installments,2025-08-03:324.13|2025-08-31:324.13|2025-09-28:324.13,2025-08-03,none,Current balance: 2354.92 EUR. Required minimum: 900.00 EUR. Safe amount today: 935.00 EUR. Recommended method: installments. Full payment is first forecast safe on 2025-08-03.
request_267,0.0,not_affordable,not_recommended,none,,none,Processing error: Invalid comparison between dtype=str and Timestamp
request_268,1512.52,affordable_with_plan,installments,2024-06-14:841.22|2024-07-15:841.22|2024-08-15:841.22,2024-07-14,none,Current balance: 2912.52 EUR. Required minimum: 1400.00 EUR. Safe amount today: 1512.52 EUR. Recommended method: installments. Full payment is first forecast safe on 2024-07-14.
request_269,0.0,not_affordable,not_recommended,none,,none,Current balance is 45307.90 ZAR; minimum balance to keep is 23100.00 ZAR. Maximum safe amount today is 0.00 ZAR.
request_270,0.0,not_affordable,not_recommended,none,,none,Current balance is 1935.40 USD; minimum balance to keep is 1400.00 USD. Maximum safe amount today is 0.00 USD.
request_271,84760.0,not_affordable,not_recommended,none,,none,Current balance is 142960.00 INR; minimum balance to keep is 58200.00 INR. Maximum safe amount today is 84760.00 INR.
request_272,8815924.0,affordable_with_plan,installments,2025-02-12:4709466.67|2025-03-12:4709466.67|2025-04-09:4709466.67,2025-03-16,none,Current balance: 16324524.00 IDR. Required minimum: 7508600.00 IDR. Safe amount today: 8815924.00 IDR. Recommended method: installments. Full payment is first forecast safe on 2025-03-16.
request_273,13372200.0,affordable_with_plan,installments,2026-04-07:5498480.00|2026-05-05:5498480.00|2026-06-02:5498480.00,2026-04-14,none,Current balance: 32146800.00 IDR. Required minimum: 18774600.00 IDR. Safe amount today: 13372200.00 IDR. Recommended method: installments. Full payment is first forecast safe on 2026-04-14.
request_274,0.0,not_affordable,not_recommended,none,,none,Processing error: Invalid comparison between dtype=str and Timestamp
request_275,15884000.0,affordable_now,full_payment,2025-05-06:15884000.00,2025-05-06,none,Current balance: 37206450.00 IDR. Required minimum: 12760100.00 IDR. Safe amount today: 15884000.00 IDR. Recommended method: full_payment. Full payment is first forecast safe on 2025-05-06.
